K,Mean Accuracy,Std Deviation
3,0.7363636363636363,0.24595907742670334
5,0.9818181818181819,0.05749595745760689
7,1.0,0.0
,0.9454545454545454,0.12331509060227759
