k_lineal,k_angular,retraso,puntuacion,s1,s2,s3,s4,s5,s6
0.75,0.05,1.2,29.150898353296824,0.1534129793842782,9.656548554692035,0.76522782839752,9.822553609975698,1.0977566318064986,7.655398749040797
0.75,0.05,1.1,29.197085987933217,0.1421485930115101,9.692255044707702,0.811643537941517,9.779896890451868,1.048719537532095,7.722422384288525
0.75,0.05,1.0,28.983814994216974,0.1439885829501161,9.714100404021954,0.750276752220715,9.610926188519814,1.0713422203626044,7.693180846141773
0.75,0.05,1.5,29.13284811295904,0.1499753589888737,9.775282141353411,0.7547991846751829,9.68680936670976,1.0380266508860903,7.727955410345723
